<?xml version="1.0" encoding="UTF-8"?><metadata>
    <idinfo>
        <citation>
            <citeinfo>
                <title>OCTraffic Cities Boundaries</title>
            </citeinfo>
        </citation>
        <descript>
            <abstract>The Orange County City and Unincorporated Areas Land Boundaries are enriched with a comprehensive set of geodemographic characteristics from OC ACS 2021 data. These characteristics span across demographic, housing, economic, and social aspects, providing a holistic view of the area. The geodemographic data originate from the US Census American Community Survey (ACS) 2021, a 5-year estimate of the key Characteristics of Cities' geographic level in Orange County, California. The data contains:Total population and housing counts for each area;Population and housing density measurements (per square mile);Race counts for Asian, Black or African American, Hispanic and White groups;Aggregate values for the number of vehicles commuting and travel time to work;</abstract>
            <purpose>Orange County City and Unincorporated Areas Land Boundaries, enriched with geodemographic characteristics</purpose>
        </descript>
        <keywords>
            <theme>
                <themekt>None</themekt>
                <themekey>Orange County</themekey>
                <themekey>California</themekey>
                <themekey>Cities</themekey>
                <themekey>Traffic</themekey>
                <themekey>Road Safety</themekey>
                <themekey>Transportation</themekey>
                <themekey>Collisions</themekey>
                <themekey>Crashes</themekey>
                <themekey>SWITRS</themekey>
                <themekey>OCTraffic</themekey>
            </theme>
        </keywords>
        <accconst>None</accconst>
        <useconst>The SWITRS data displayed are provided by the California Highway Patrol (CHP) reports through the Transportation Injury Mapping System (TIMS) of the University of California, Berkeley. Issues of report accuracy should be addressed to CHP.The displayed mapped data can be used under a Creative Commons CC-SA-BY License, providing attribution to TIMS, CHP, and OC Public Works, OC Survey Geospatial Services. We make every effort to provide the most accurate and up-to-date data and information. Nevertheless, the data feed is provided, 'as is' and OC Public Work's standard Disclaimer applies.For any inquiries, suggestions or questions, please contact:Dr. Kostas Alexandridis, GISPGIS Analyst | Spatial Complex Systems ScientistOC Public Works/OC Survey Geospatial Applications601 N. Ross Street, P.O. Box 4048, Santa Ana, CA 92701Email: kostas.alexandridis@ocpw.ocgov.com | Phone: (714) 967-0826</useconst>
        <datacred>Dr. Kostas Alexandridis, GISP</datacred>
    </idinfo>
    <metainfo>
        <metstdn>FGDC Content Standard for Digital Geospatial Metadata</metstdn>
        <metstdv>FGDC-STD-001-1998</metstdv>
        <mettc>local time</mettc>
    </metainfo>
</metadata>
